[
  {"titulo":"Podcast 1", "link":"https://www.youtube.com/embed/Y2lO9jc3_vM"},
  {"titulo":"Podcast 2", "link":"https://www.youtube.com/embed/Y2lO9jc3_vM"},
  {"titulo":"Podcast 3", "link":"https://www.youtube.com/embed/Y2lO9jc3_vM"},
  {"titulo":"Podcast 4", "link":"https://www.youtube.com/embed/Y2lO9jc3_vM"},
  {"titulo":"Podcast 5", "link":"https://www.youtube.com/embed/Y2lO9jc3_vM"},
  {"titulo":"Podcast 6", "link":"https://www.youtube.com/embed/Y2lO9jc3_vM"},
  {"titulo":"Podcast 7", "link":"https://www.youtube.com/embed/Y2lO9jc3_vM"},
  {"titulo":"Podcast 8", "link":"https://www.youtube.com/embed/Y2lO9jc3_vM"},
  {"titulo":"Podcast 9", "link":"https://www.youtube.com/embed/Y2lO9jc3_vM"},
  {"titulo":"Podcast 10", "link":"https://www.youtube.com/embed/Y2lO9jc3_vM"},
  {"titulo":"Podcast 11", "link":"https://www.youtube.com/embed/Y2lO9jc3_vM"},
  {"titulo":"Podcast 12", "link":"https://www.youtube.com/embed/Y2lO9jc3_vM"},
  {"titulo":"Podcast 13", "link":"https://www.youtube.com/embed/Y2lO9jc3_vM"},
  {"titulo":"Podcast 14", "link":"https://www.youtube.com/embed/Y2lO9jc3_vM"},
  {"titulo":"Podcast 15", "link":"https://www.youtube.com/embed/Y2lO9jc3_vM"},
  {"titulo":"Podcast 16", "link":"https://www.youtube.com/embed/Y2lO9jc3_vM"},
  {"titulo":"Podcast 17", "link":"https://www.youtube.com/embed/5w4z00yXsHs"},
  {"titulo":"Podcast 18", "link":"https://www.youtube.com/embed/Y2lO9jc3_vM"},
  {"titulo":"Podcast 19", "link":"https://www.youtube.com/embed/5w4z00yXsHs"},
  {"titulo":"Podcast 20", "link":"https://www.youtube.com/embed/Y2lO9jc3_vM"}
]
