[
  {"titulo":"E-sport 1", "link":"https://www.youtube.com/embed/Y2lO9jc3_vM"},
  {"titulo":"E-sport 2", "link":"https://www.youtube.com/embed/Y2lO9jc3_vM"},
  {"titulo":"E-sport 3", "link":"https://www.youtube.com/embed/Y2lO9jc3_vM"},
  {"titulo":"E-sport 4", "link":"https://www.youtube.com/embed/Y2lO9jc3_vM"},
  {"titulo":"E-sport 5", "link":"https://www.youtube.com/embed/Y2lO9jc3_vM"},
  {"titulo":"E-sport 6", "link":"https://www.youtube.com/embed/Y2lO9jc3_vM"},
  {"titulo":"E-sport 7", "link":"https://www.youtube.com/embed/Y2lO9jc3_vM"},
  {"titulo":"E-sport 8", "link":"https://www.youtube.com/embed/Y2lO9jc3_vM"},
  {"titulo":"E-sport 9", "link":"https://www.youtube.com/embed/Y2lO9jc3_vM"},
  {"titulo":"E-sport 10", "link":"https://www.youtube.com/embed/Y2lO9jc3_vM"},
  {"titulo":"E-sport 11", "link":"https://www.youtube.com/embed/Y2lO9jc3_vM"},
  {"titulo":"E-sport 12", "link":"https://www.youtube.com/embed/Y2lO9jc3_vM"},
  {"titulo":"E-sport 13", "link":"https://www.youtube.com/embed/Y2lO9jc3_vM"},
  {"titulo":"E-sport 14", "link":"https://www.youtube.com/embed/Y2lO9jc3_vM"},
  {"titulo":"E-sport 15", "link":"https://www.youtube.com/embed/Y2lO9jc3_vM"},
  {"titulo":"E-sport 16", "link":"https://www.youtube.com/embed/Y2lO9jc3_vM"},
  {"titulo":"E-sport 17", "link":"https://www.youtube.com/embed/Y2lO9jc3_vM"},
  {"titulo":"E-sport 18", "link":"https://www.youtube.com/embed/Y2lO9jc3_vM"},
  {"titulo":"E-sport 19", "link":"https://www.youtube.com/embed/Y2lO9jc3_vM"},
  {"titulo":"E-sport 20", "link":"https://www.youtube.com/embed/Y2lO9jc3_vM"}
]
