[
  {"titulo":"Gameplay 1", "link":"https://www.youtube.com/embed/Y2lO9jc3_vM"},
  {"titulo":"Gameplay 2", "link":"https://www.youtube.com/embed/Y2lO9jc3_vM"},
  {"titulo":"Gameplay 3", "link":"https://www.youtube.com/embed/Y2lO9jc3_vM"},
  {"titulo":"Gameplay 4", "link":"https://www.youtube.com/embed/Y2lO9jc3_vM"},
  {"titulo":"Gameplay 5", "link":"https://www.youtube.com/embed/Y2lO9jc3_vM"},
  {"titulo":"Gameplay 6", "link":"https://www.youtube.com/embed/Y2lO9jc3_vM"},
  {"titulo":"Gameplay 7", "link":"https://www.youtube.com/embed/Y2lO9jc3_vM"},
  {"titulo":"Gameplay 8", "link":"https://www.youtube.com/embed/Y2lO9jc3_vM"},
  {"titulo":"Gameplay 9", "link":"https://www.youtube.com/embed/Y2lO9jc3_vM"},
  {"titulo":"Gameplay 10", "link":"https://www.youtube.com/embed/Y2lO9jc3_vM"},
  {"titulo":"Gameplay 11", "link":"https://www.youtube.com/embed/Y2lO9jc3_vM"},
  {"titulo":"Gameplay 12", "link":"https://www.youtube.com/embed/Y2lO9jc3_vM"},
  {"titulo":"Gameplay 13", "link":"https://www.youtube.com/embed/Y2lO9jc3_vM"},
  {"titulo":"Gameplay 14", "link":"https://www.youtube.com/embed/Y2lO9jc3_vM"},
  {"titulo":"Gameplay 15", "link":"https://www.youtube.com/embed/Y2lO9jc3_vM"},
  {"titulo":"Gameplay 16", "link":"https://www.youtube.com/embed/Y2lO9jc3_vM"},
  {"titulo":"Gameplay 17", "link":"https://www.youtube.com/embed/Y2lO9jc3_vM"},
  {"titulo":"Gameplay 18", "link":"https://www.youtube.com/embed/Y2lO9jc3_vM"},
  {"titulo":"Gameplay 19", "link":"https://www.youtube.com/embed/Y2lO9jc3_vM"},
  {"titulo":"Gameplay 20", "link":"https://www.youtube.com/embed/Y2lO9jc3_vM"}
]
